Transcript_1,gi|24308513|ref|NM_153699.1|,Transcript_1,NM_153699.1,81.764,669,120,2,79,746,71,738,0.0,650
Transcript_1,gi|975830174|ref|NM_145740.4|,Transcript_1,NM_145740.4,81.287,668,125,0,79,746,214,881,0.0,641
Transcript_1,gi|215276991|ref|NM_000847.4|,Transcript_1,NM_000847.4,80.838,668,128,0,79,746,80,747,2.78e-177,628
Transcript_1,gi|1034650019|ref|XM_011514532.2|,Transcript_1,XM_011514532.2,80.148,675,134,0,72,746,136,810,6.13e-173,614
Transcript_1,gi|215276986|ref|NM_000846.4|,Transcript_1,NM_000846.4,80.148,675,134,0,72,746,144,818,6.13e-173,614
Transcript_1,gi|1034650018|ref|XM_005249034.3|,Transcript_1,XM_005249034.3,81.353,547,102,0,79,625,73,619,7.00e-147,527
Transcript_1,gi|1034650020|ref|XM_017010794.1|,Transcript_1,XM_017010794.1,74.850,668,116,1,79,746,7,622,1.76e-135,489
Transcript_1,gi|1034650022|ref|XM_006715072.3|,Transcript_1,XM_006715072.3,80.151,529,105,0,218,746,53,581,9.11e-133,480
Transcript_1,gi|1034650024|ref|XR_926167.2|,Transcript_1,XR_926167.2,81.356,413,77,0,79,491,181,593,8.54e-108,398
Transcript_1,gi|1034650024|ref|XR_926167.2|,Transcript_1,XR_926167.2,82.022,89,16,0,490,578,713,801,5.78e-15,89.7
Transcript_1,gi|1034650023|ref|XR_926166.2|,Transcript_1,XR_926166.2,81.356,413,77,0,79,491,181,593,8.54e-108,398
Transcript_1,gi|1034650023|ref|XR_926166.2|,Transcript_1,XR_926166.2,82.022,89,16,0,490,578,710,798,5.78e-15,89.7
Transcript_1,gi|1034650025|ref|XM_011514533.2|,Transcript_1,XM_011514533.2,77.722,395,88,0,352,746,179,573,2.29e-83,316
Transcript_1,gi|975830175|ref|NM_001319059.1|,Transcript_1,NM_001319059.1,77.525,396,89,0,351,746,353,748,2.79e-82,313
Transcript_1,gi|975830175|ref|NM_001319059.1|,Transcript_1,NM_001319059.1,83.942,137,22,0,79,215,214,350,7.03e-33,149
Transcript_1,gi|298493258|ref|NR_033760.1|,Transcript_1,NR_033760.1,86.232,138,18,1,214,351,1431,1567,3.89e-36,159
Transcript_1,gi|298493258|ref|NR_033760.1|,Transcript_1,NR_033760.1,80.159,126,25,0,620,745,5444,5569,1.45e-22,114
Transcript_1,gi|1034650026|ref|XM_005249035.3|,Transcript_1,XM_005249035.3,69.686,287,81,2,79,362,244,527,9.78e-25,122
Transcript_1,gi|215276994|ref|NM_001512.3|,Transcript_1,NM_001512.3,69.686,287,81,2,79,362,151,434,9.78e-25,122
Transcript_1,gi|1034650028|ref|XM_011514535.2|,Transcript_1,XM_011514535.2,79.412,136,28,0,227,362,338,473,3.41e-24,120
Transcript_1,gi|1034650027|ref|XM_011514534.2|,Transcript_1,XM_011514534.2,79.412,136,28,0,227,362,242,377,3.41e-24,120
Transcript_1,gi|528476637|ref|NC_018917.2|,Transcript_1,NC_018917.2,90.580,138,13,0,214,351,52663316,52663179,2.30e-45,190
Transcript_1,gi|528476637|ref|NC_018917.2|,Transcript_1,NC_018917.2,89.855,138,14,0,214,351,52622106,52621969,2.80e-44,187
Transcript_1,gi|528476637|ref|NC_018917.2|,Transcript_1,NC_018917.2,88.406,138,16,0,214,351,52769371,52769234,1.45e-41,178
Transcript_1,gi|528476637|ref|NC_018917.2|,Transcript_1,NC_018917.2,87.591,137,17,0,215,351,52703280,52703144,2.15e-39,170
Transcript_1,gi|528476637|ref|NC_018917.2|,Transcript_1,NC_018917.2,87.500,136,17,0,214,349,52645355,52645220,7.51e-39,168
Transcript_1,gi|528476637|ref|NC_018917.2|,Transcript_1,NC_018917.2,86.957,138,18,0,214,351,52725329,52725192,7.51e-39,168
Transcript_1,gi|528476637|ref|NC_018917.2|,Transcript_1,NC_018917.2,86.957,138,18,0,214,351,52745809,52745672,7.51e-39,168
Transcript_1,gi|528476637|ref|NC_018917.2|,Transcript_1,NC_018917.2,86.765,136,18,0,214,349,52679349,52679214,9.15e-38,165
Transcript_1,gi|528476637|ref|NC_018917.2|,Transcript_1,NC_018917.2,86.232,138,18,1,214,351,52610755,52610619,3.89e-36,159
Transcript_1,gi|528476637|ref|NC_018917.2|,Transcript_1,NC_018917.2,83.065,124,21,0,623,746,52698881,52698758,6.59e-27,129
Transcript_1,gi|528476637|ref|NC_018917.2|,Transcript_1,NC_018917.2,80.741,135,26,0,491,625,52618736,52618602,2.30e-26,127
Transcript_1,gi|528476637|ref|NC_018917.2|,Transcript_1,NC_018917.2,80.000,135,27,0,491,625,52659984,52659850,9.78e-25,122
Transcript_1,gi|528476637|ref|NC_018917.2|,Transcript_1,NC_018917.2,81.452,124,23,0,623,746,52658977,52658854,3.41e-24,120
Transcript_1,gi|528476637|ref|NC_018917.2|,Transcript_1,NC_018917.2,78.472,144,31,0,351,494,52701191,52701048,3.41e-24,120
Transcript_1,gi|528476637|ref|NC_018917.2|,Transcript_1,NC_018917.2,79.259,135,28,0,491,625,52673678,52673544,1.19e-23,118
Transcript_1,gi|528476637|ref|NC_018917.2|,Transcript_1,NC_018917.2,80.159,126,25,0,620,745,52606742,52606617,1.45e-22,114
Transcript_1,gi|528476637|ref|NC_018917.2|,Transcript_1,NC_018917.2,79.839,124,25,0,623,746,52617727,52617604,1.77e-21,111
Transcript_1,gi|528476637|ref|NC_018917.2|,Transcript_1,NC_018917.2,79.839,124,25,0,623,746,52763819,52763696,1.77e-21,111
Transcript_1,gi|528476637|ref|NC_018917.2|,Transcript_1,NC_018917.2,87.356,87,11,0,79,165,52772725,52772639,2.15e-20,107
Transcript_1,gi|528476637|ref|NC_018917.2|,Transcript_1,NC_018917.2,86.207,87,12,0,79,165,52666190,52666104,2.62e-19,104
Transcript_1,gi|528476637|ref|NC_018917.2|,Transcript_1,NC_018917.2,78.226,124,27,0,623,746,52714947,52714824,9.16e-19,102
Transcript_1,gi|528476637|ref|NC_018917.2|,Transcript_1,NC_018917.2,77.600,125,28,0,227,351,52852136,52852012,3.20e-18,100
Transcript_1,gi|528476637|ref|NC_018917.2|,Transcript_1,NC_018917.2,82.979,94,16,0,72,165,52624981,52624888,1.12e-17,98.7
Transcript_1,gi|528476637|ref|NC_018917.2|,Transcript_1,NC_018917.2,77.869,122,27,0,624,745,52632396,52632275,1.12e-17,98.7
Transcript_1,gi|528476637|ref|NC_018917.2|,Transcript_1,NC_018917.2,82.979,94,16,0,72,165,52737247,52737154,1.12e-17,98.7
Transcript_1,gi|528476637|ref|NC_018917.2|,Transcript_1,NC_018917.2,76.984,126,29,0,620,745,52740052,52739927,3.89e-17,96.9
Transcript_1,gi|528476637|ref|NC_018917.2|,Transcript_1,NC_018917.2,83.908,87,14,0,79,165,52707722,52707636,1.36e-16,95.1
Transcript_1,gi|528476637|ref|NC_018917.2|,Transcript_1,NC_018917.2,73.276,116,31,0,226,341,52822190,52822075,5.41e-09,69.8
Transcript_1,gi|528476637|ref|NC_018917.2|,Transcript_1,NC_018917.2,69.504,141,43,0,351,491,52717283,52717143,2.80e-06,60.8
Transcript_1,gi|528476637|ref|NC_018917.2|,Transcript_1,NC_018917.2,73.913,92,24,0,628,719,52555045,52554954,9.79e-06,59.0
Transcript_1,gi|528476637|ref|NC_018917.2|,Transcript_1,NC_018917.2,76.623,77,18,0,623,699,52806897,52806821,9.79e-06,59.0
Transcript_1,gi|568815592|ref|NC_000006.12|,Transcript_1,NC_000006.12,90.580,138,13,0,214,351,52796318,52796181,2.30e-45,190
Transcript_1,gi|568815592|ref|NC_000006.12|,Transcript_1,NC_000006.12,89.855,138,14,0,214,351,52755079,52754942,2.80e-44,187
Transcript_1,gi|568815592|ref|NC_000006.12|,Transcript_1,NC_000006.12,88.406,138,16,0,214,351,52902482,52902345,1.45e-41,178
Transcript_1,gi|568815592|ref|NC_000006.12|,Transcript_1,NC_000006.12,88.321,137,16,0,215,351,52836371,52836235,5.06e-41,176
Transcript_1,gi|568815592|ref|NC_000006.12|,Transcript_1,NC_000006.12,87.500,136,17,0,214,349,52778358,52778223,7.51e-39,168
Transcript_1,gi|568815592|ref|NC_000006.12|,Transcript_1,NC_000006.12,86.957,138,18,0,214,351,52858417,52858280,7.51e-39,168
Transcript_1,gi|568815592|ref|NC_000006.12|,Transcript_1,NC_000006.12,86.957,138,18,0,214,351,52878902,52878765,7.51e-39,168
Transcript_1,gi|568815592|ref|NC_000006.12|,Transcript_1,NC_000006.12,86.765,136,18,0,214,349,52812423,52812288,9.15e-38,165
Transcript_1,gi|568815592|ref|NC_000006.12|,Transcript_1,NC_000006.12,86.232,138,18,1,214,351,52743729,52743593,3.89e-36,159
Transcript_1,gi|568815592|ref|NC_000006.12|,Transcript_1,NC_000006.12,83.065,124,21,0,623,746,52831972,52831849,6.59e-27,129
Transcript_1,gi|568815592|ref|NC_000006.12|,Transcript_1,NC_000006.12,80.741,135,26,0,491,625,52751710,52751576,2.30e-26,127
Transcript_1,gi|568815592|ref|NC_000006.12|,Transcript_1,NC_000006.12,80.000,135,27,0,491,625,52792989,52792855,9.78e-25,122
Transcript_1,gi|568815592|ref|NC_000006.12|,Transcript_1,NC_000006.12,81.452,124,23,0,623,746,52791982,52791859,3.41e-24,120
Transcript_1,gi|568815592|ref|NC_000006.12|,Transcript_1,NC_000006.12,78.472,144,31,0,351,494,52834282,52834139,3.41e-24,120
Transcript_1,gi|568815592|ref|NC_000006.12|,Transcript_1,NC_000006.12,79.259,135,28,0,491,625,52806755,52806621,1.19e-23,118
Transcript_1,gi|568815592|ref|NC_000006.12|,Transcript_1,NC_000006.12,80.159,126,25,0,620,745,52739716,52739591,1.45e-22,114
Transcript_1,gi|568815592|ref|NC_000006.12|,Transcript_1,NC_000006.12,79.839,124,25,0,623,746,52750701,52750578,1.77e-21,111
Transcript_1,gi|568815592|ref|NC_000006.12|,Transcript_1,NC_000006.12,79.839,124,25,0,623,746,52896930,52896807,1.77e-21,111
Transcript_1,gi|568815592|ref|NC_000006.12|,Transcript_1,NC_000006.12,87.356,87,11,0,79,165,52905834,52905748,2.15e-20,107
Transcript_1,gi|568815592|ref|NC_000006.12|,Transcript_1,NC_000006.12,86.207,87,12,0,79,165,52799267,52799181,2.62e-19,104
Transcript_1,gi|568815592|ref|NC_000006.12|,Transcript_1,NC_000006.12,78.226,124,27,0,623,746,52848034,52847911,9.16e-19,102
Transcript_1,gi|568815592|ref|NC_000006.12|,Transcript_1,NC_000006.12,77.600,125,28,0,227,351,52985574,52985450,3.20e-18,100
Transcript_1,gi|568815592|ref|NC_000006.12|,Transcript_1,NC_000006.12,82.979,94,16,0,72,165,52757954,52757861,1.12e-17,98.7
Transcript_1,gi|568815592|ref|NC_000006.12|,Transcript_1,NC_000006.12,77.869,122,27,0,624,745,52765397,52765276,1.12e-17,98.7
Transcript_1,gi|568815592|ref|NC_000006.12|,Transcript_1,NC_000006.12,82.979,94,16,0,72,165,52870336,52870243,1.12e-17,98.7
Transcript_1,gi|568815592|ref|NC_000006.12|,Transcript_1,NC_000006.12,76.984,126,29,0,620,745,52873141,52873016,3.89e-17,96.9
Transcript_1,gi|568815592|ref|NC_000006.12|,Transcript_1,NC_000006.12,83.908,87,14,0,79,165,52840813,52840727,1.36e-16,95.1
Transcript_1,gi|568815592|ref|NC_000006.12|,Transcript_1,NC_000006.12,74.138,116,30,0,226,341,52955663,52955548,1.27e-10,75.2
Transcript_1,gi|568815592|ref|NC_000006.12|,Transcript_1,NC_000006.12,69.504,141,43,0,351,491,52850370,52850230,2.80e-06,60.8
Transcript_1,gi|568815592|ref|NC_000006.12|,Transcript_1,NC_000006.12,73.913,92,24,0,628,719,52688043,52687952,9.79e-06,59.0
Transcript_1,gi|568815592|ref|NC_000006.12|,Transcript_1,NC_000006.12,76.623,77,18,0,623,699,52940018,52939942,9.79e-06,59.0




